,function1,function2
0,2.2701771487945015,0.24333432848534536
1,2.781418704532553,0.11038435650818926
2,0.004175480462325591,4.262647311417286
3,0.5133873843220998,1.6473451394915046
4,0.023726247564815044,3.40759317668074
5,0.07462739380558034,2.981906797820822
6,0.8471444095313163,1.1655264836051262
7,1.2799570196569183,0.7545495999309669
8,3.81196117636901,0.002263434336725686
9,0.020072317744620406,3.4533650882919456
